use StockTradingSys;

-- Group-A
insert into 
	idreference(accountid, personid) 
	values
	(0, 0), 
	(1, 1), 
	(2, 2), 
	(3, 3), 
	(4, 4), 
	(5, 5), 
	(6, 2), 
	(1000000001, 1000000001), 
	(1000000002, 1000000002), 
	(1000000003, 1000000003), 
	(1000000004, 1000000004), 
	(1000000005, 1000000005);

insert into 
	personalaccount(accountid, registertime, name, gender, identityid, homeaddress, work, educationback, workaddress, phonenumber, agentid, state, personid) 
	values
	(0, "2019-1-1 00:00:00", "孙克染", "male", "210211199808186339", "浙江省杭州市浙江大学青溪1舍", "学生", "本科", "无", "18000004860", null, "normal", 0),
	(1, "2019-2-25 15:23:33", "张三", "male", "33000119770422003X", "浙江省杭州市港湾家园1幢202", "待业", "高中", "无", "17697390598", null, "normal", 1),
	(2, "2019-2-26 09:15:20", "李四", "female", "330001198711040223", "浙江省杭州市信义坊3幢402", "家庭主妇", "本科", "无", "13809382267", null, "frozen", 2),
	(3, "2019-2-27 17:06:55", "王五", "female", "33000119770422003X", "浙江省宁波市鄞州区永达西路", "工厂工人", "高中", "开发区金地工厂", "18965703689", null, "logout", 3),
	(4, "2019-2-28 16:41:11", "赵六", "male", "11010119910507005X", "北京市朝阳区金叶地王花园11幢601", "销售经理", "研究生", "传奇奢华汽车4S店", "15820770108", "110101198710210000", "normal", 4),
	(5, "2019-3-1 19:04:32", "孙七", "male", "430103198810132772", "湖南省长沙市碧桂园山湖城5幢502", "工人", "初中", "睿临汽车零部件加工厂", "15487338739", null, "normal", 5),
	(6, "2019-3-12 08:10:20", "李四", "female", "330001198711040223", "浙江省杭州市信义坊3幢402", "家庭主妇", "本科", "无", "13809382267", null, "normal", 2);

insert into 
	corporateaccount(accountid, registrationid, licenseid, identityid, name, phonenumber, workaddress, authorizername, authorizeridentityid, authorizerphonenumber, authorizeraddress, state, personid) 
	values
	(1000000001, "1", "11", "330726199904037050", "黄金", "17868767175", "杭州大厦", "黄金金", "330726198906093212", "17468767175", "杭州大厦", "normal", 1000000001),
	(1000000002, "2", "12", "654322199007086832", "白银", "17868767176", "杭州老和山", "白银银", "654322197702086277", "17468767176", "杭州老和山", "normal", 1000000002),
	(1000000003, "3", "13", "330103199802129042", "钱多", "17868767177", "北京王府井全聚德", "钱多多", "330103198212127296", "17468767177", "北京王府井全聚德", "normal", 1000000003),
	(1000000004, "4", "14", "210213188912217311", "金钱", "17868767178", "温州江南皮革厂", "金钱钱", "210213188107212235", "17468767178", "温州江南皮革厂", "normal", 1000000004),
	(1000000005, "5", "15", "522125199811220912", "买银行", "17868767179", "义乌小商品市场", "买行行", "522125197605223467", "17468767179", "义乌小商品市场", "normal", 1000000005);

-- temp stockhold
insert into
	stockhold(personid, stockid, stocknum, stockcost) 
	select distinct personid, code, 0 as stocknum, 0.00 as stockcost from idreference cross join stock;
update stockhold set stocknum = 100000, stockcost = 0 where personid > 1000000000;
-- 请根据需要进一步补充

-- Group-B
insert into 
	capitalaccount(capitalaccountid, tradepassword, cashpassword, identificationid, relatedsecuritiesaccountid, capitalaccountstate, availablemoney, frozenmoney, interestremained)
	values
	(2019007, 'skrgod', '980818', '210211199808186339', 0, 'normal', 98000000000.00, 0.00, 0.00),
	(2019101, '115165', '495165', '412726198412232666', 1, 'normal', 4121544214.38, 50000.00, 3.45),
	(2019102, '198273', '976164', '481892196608162588', 2, 'normal', 56127.96, 0.00, 8.96),
	(2019103, '847922', '254929', '456387199006252698', null, 'frozen', 0.00, 9551.16, 2.39),
	(2019104, '516951', '717921', '464892198509152896', 3, 'logout', 0.00, 0.00, 0.00),
	(2019105, '115165', '495385', '412726199705168866', 4, 'normal', 4141701624.38, 50000.00, 3.45),
	(2019106, '2345670', '2345670', '419252196608162588', 1000000005, 'normal', 56127.96, 0.00, 8.96),
	(2019107, '896922', '289229', '491527199006252698', null, 'frozen', 0.00, 9551.16, 2.39),
	(2019108, '516921', '714921', '429891198509152896', null, 'logout', 0.00, 0.00, 0.00),
	(2019109, '2345670', '2345670', '481192198412232666', 1000000004, 'normal', 41489.38, 0.00, 3.45),
	(2019110, '2345670', '2345670', '429212196608162588', 1000000003, 'normal', 56127.96, 0.00, 8.96),
	(2019111, '846952', '254829', '491470199006252698', null, 'frozen', 0.00, 9551.16, 2.39),
	(2019112, '518951', '799921', '464098198509152896', null, 'logout', 0.00, 0.00, 0.00),
	(2019113, '2345670', '2345670', '419126198412232666', 1000000001, 'normal', 41244.38, 0.00, 3.45),
	(2019114, '2345670', '2345670', '481892196908162588', 1000000002, 'normal', 56147.96, 0.00, 8.96),
	(2019115, '848922', '251489', '456387199908526998', null, 'frozen', 0.00, 9551.16, 2.39),
	(2019116, '511851', '715591', '464892198908091796', 5, 'normal', 0.00, 0.00, 0.00);

insert into 
	jobberworker(jobberworkerid, jobberworkerpassword)
	values
	(2019001, 'wangyilin'), 
	(2019002, 'subin'), 
	(2019003, 'liangshuchen'), 
	(2019004, 'limingtao'), 
	(2019005, 'sunkeran');
